,Team 0,Team 1,Team 2,Team 3,Team 4,Team 5,Team 6,Team 7,Team 8,Team 9
0,1016.53516,347.2745,1028.9021,2360.019,227.96548,-242.41312,333.71985,2165.1873,-643.3641,400.7357
1,2991.5393,949.7297,605.5503,2067.2534,995.0342,1437.2802,391.16946,582.1975,-198.91132,1852.0125
2,1745.166,1357.1997,1506.5969,2119.6567,4035.126,190.20131,1884.1267,491.99667,471.09058,606.7478
3,900.2662,1296.6123,-204.84825,3619.0906,-345.89832,2109.26,3059.865,235.46175,-211.98157,1016.9893
4,826.452,352.3201,657.9465,1272.196,248.65129,462.6175,315.59265,3219.6907,234.57047,2033.1975
5,623.41846,327.3829,1260.1321,1601.3864,801.5444,1032.6611,1480.7449,384.4734,-450.97974,1245.1088
