,Team 0,Team 1,Team 2,Team 3,Team 4,Team 5,Team 6,Team 7
0,-92.235016,-236.46832,-171.46716,20.647549,-29.31887,-157.49408,-59.360954,-273.6671
1,-275.92773,-171.2315,-293.6351,-204.32588,112.40666,-170.6997,-52.137512,-187.18579
